{
  "train_loss": [
    6.394060224762762,
    5.8170854982905364,
    5.578623072639186,
    5.4353163928885735,
    5.313125705219688,
    5.215744852395582,
    5.162153953032968,
    5.083273455734652,
    5.003936797536481,
    4.952659571982179,
    4.901367234934063,
    4.852094727660973,
    4.814446703925807,
    4.762199147209447,
    4.727557002561879,
    4.689461703075788,
    4.644849884572453,
    4.627424582136864,
    4.58480360121003,
    4.560609460501147,
    4.5466430474326245,
    4.496226542907236,
    4.471350754742847,
    4.44083069756393,
    4.428303589995619,
    4.390347147487221,
    4.369949716548021,
    4.33659765982503,
    4.308042633595891,
    4.310615303628731,
    4.261351827551557,
    4.256599659695051,
    4.210439533463323,
    4.1695559574047305,
    4.174363940174043
  ],
  "val_loss": [
    6.022076039944055,
    5.7539382250803826,
    5.558667299882421,
    5.455505901912473,
    5.335364197784999,
    5.297745974558704,
    5.219285434147097,
    5.16335041118118,
    5.115750915599319,
    5.051639592872475,
    5.010706424713135,
    5.051139588625926,
    4.952227232591161,
    4.913830325288592,
    4.952282923572469,
    4.882640037896498,
    4.965532743705894,
    4.85579903620594,
    4.846988785941646,
    4.814900218315844,
    4.802734545941623,
    4.799935808721578,
    4.76901246916573,
    4.7627348989810585,
    4.754499723326485,
    4.769497043681595,
    4.720537041718105,
    4.726326681532949,
    4.718326388664965,
    4.667846418776602,
    4.684101086742473,
    4.6861345722990215,
    4.6824148555971545,
    4.6442034739368365,
    4.6824190931500125
  ],
  "learning_rate": [
    0.0003,
    0.0003,
    0.0003,
    0.0003,
    0.0003,
    0.0003,
    0.0003,
    0.0003,
    0.0003,
    0.0003,
    0.0003,
    0.0003,
    0.0003,
    0.0003,
    0.0003,
    0.0003,
    0.0003,
    0.0003,
    0.0003,
    0.0003,
    0.0003,
    0.0003,
    0.0003,
    0.0003,
    0.0003,
    0.0003,
    0.0003,
    0.0003,
    0.0003,
    0.0003,
    0.0003,
    0.0003,
    0.00015,
    0.00015,
    0.00015
  ]
}