{
  "train_loss": [
    5.8023021882741235,
    4.984213651786924,
    4.6962639424189225,
    4.470160006228542,
    4.3188195478229625,
    4.201263531340355,
    4.104177131702762,
    3.9697841886450482,
    3.864520813158045,
    3.7938960097847185,
    3.7074030843704784,
    3.6248564482983494,
    3.567481150801893,
    3.5264496266529823,
    3.4343407016774123,
    3.389687901392033,
    3.3348689503694704,
    3.2587863475240337,
    3.1926415865333917,
    3.1406718785850165,
    3.0955070063705845
  ],
  "val_loss": [
    5.238027959499719,
    4.964749453202733,
    4.702439200203374,
    4.567353262091583,
    4.482846930341901,
    4.366363327458219,
    4.308552791487496,
    4.273339707896395,
    4.235462152732993,
    4.253722190856934,
    4.1511850581978855,
    4.093151569366455,
    4.104942744632937,
    4.10087818019795,
    4.056269393776947,
    4.0007104918641865,
    4.03096508529951,
    4.055833366681945,
    4.025367664840986,
    4.015274574171822,
    4.003704682835993
  ],
  "learning_rate": [
    0.001,
    0.001,
    0.001,
    0.001,
    0.001,
    0.001,
    0.001,
    0.001,
    0.001,
    0.001,
    0.001,
    0.001,
    0.001,
    0.001,
    0.001,
    0.001,
    0.001,
    0.001,
    0.0005,
    0.0005,
    0.0005
  ]
}