{
  "train_loss": [
    5.792303843478279,
    4.946884989239681,
    4.649968274966444,
    4.424219824778984,
    4.235940391548508,
    4.0937946551015685,
    3.995035962579639,
    3.860877600673851,
    3.7369313250026943,
    3.677479020721244,
    3.611300269928936,
    3.5368594285334503,
    3.4698487535181406,
    3.371718886507106,
    3.3299758264709216,
    3.265506792267995,
    3.225488732549436,
    3.2119015699649953,
    3.160629332314974,
    3.129355927391531,
    3.1242506863183057
  ],
  "val_loss": [
    5.231498125827674,
    4.897418780760332,
    4.651154398918152,
    4.543014522754785,
    4.392057310451161,
    4.307811144626502,
    4.264133977167534,
    4.199270230351073,
    4.165003314162746,
    4.110112013238849,
    4.172591902992942,
    4.11159873008728,
    4.113027467872158,
    4.074666034091603,
    4.049872069647818,
    4.000524972424363,
    4.065129767764699,
    4.037694945479885,
    4.032124757766724,
    4.034716642264164,
    4.0595691204071045
  ],
  "learning_rate": [
    0.001,
    0.001,
    0.001,
    0.001,
    0.001,
    0.001,
    0.001,
    0.001,
    0.001,
    0.001,
    0.001,
    0.001,
    0.0005,
    0.0005,
    0.0005,
    0.0005,
    0.0005,
    0.0005,
    0.00025,
    0.00025,
    0.00025
  ]
}