,avg_repetition,vocabulary_diversity,unique_words,bleu4,meteor,cider
greedy,0.23699174844763082,0.1460843373493976,97.0,0.011924365680953014,0.17113195955586544,0.18136528854197953
sampling_low_temp,0.1939847187848555,0.21145374449339208,144.0,0.011968366372274584,0.16357344319837103,0.14805120863936116
sampling_high_temp,0.05554579762380274,0.5115452930728241,288.0,0.004280320606750595,0.11529731889297933,0.07474980847684332
sampling_with_penalty,0.06552930686071082,0.3278955954323002,201.0,0.013085182019012258,0.1646712479374665,0.15869610745757312
