{
  "train_loss": [
    5.987209149126737,
    5.396993766040922,
    5.07798868455227,
    4.88542000752575,
    4.754915519330487,
    4.649106439554466,
    4.546549991991535,
    4.42014804576178,
    4.388300679764658,
    4.31429412829801,
    4.263962894115808,
    4.166722552581403,
    4.121762430143057,
    4.042936767422178,
    3.979458230096589,
    3.919705435914813,
    3.895410692166982,
    3.8313618890894285,
    3.7713487853044234,
    3.7284060634157195,
    3.700438937301156,
    3.624292231205874,
    3.5702123402049706,
    3.5428490113912137,
    3.4971328126559467,
    3.45866411137131,
    3.412251334520256,
    3.398213136121162,
    3.340356393430218,
    3.2962296278971546,
    3.28679063185206,
    3.2379540317463427,
    3.1659118259477914,
    3.1522704745238683
  ],
  "val_loss": [
    5.6594801490957085,
    5.288191177628257,
    5.06573562188582,
    4.912553754719821,
    4.787734205072576,
    4.723161047155207,
    4.625430475581776,
    4.58802709796212,
    4.556123072450811,
    4.466108484701677,
    4.443522420796481,
    4.387146191163496,
    4.317926753651012,
    4.315749011256478,
    4.240192586725408,
    4.2423095378008755,
    4.162388828667727,
    4.16154606775804,
    4.142978142608296,
    4.1375575336543,
    4.139337566765872,
    4.118837497451088,
    4.058995165608146,
    4.089970415288752,
    4.051272240552035,
    4.050901174545288,
    4.016801254315809,
    4.044730110601946,
    3.9344504475593567,
    3.9947237480770457,
    4.056224102323705,
    4.013545393943787,
    3.9966061982241543,
    3.982870865951885
  ],
  "learning_rate": [
    0.001,
    0.001,
    0.001,
    0.001,
    0.001,
    0.001,
    0.001,
    0.001,
    0.001,
    0.001,
    0.001,
    0.001,
    0.001,
    0.001,
    0.001,
    0.001,
    0.001,
    0.001,
    0.001,
    0.001,
    0.001,
    0.001,
    0.001,
    0.001,
    0.001,
    0.001,
    0.001,
    0.001,
    0.001,
    0.001,
    0.001,
    0.0005,
    0.0005,
    0.0005
  ]
}