{
  "num_samples": 200,
  "models": [
    "transformer_small",
    "attention_small",
    "baseline_small"
  ],
  "metrics": {
    "transformer_small": {
      "BLEU-1": 0.41319671874860786,
      "BLEU-2": 0.19175729975221592,
      "BLEU-3": 0.07989499236358105,
      "BLEU-4": 0.02125278079599656,
      "METEOR": 0.16927128092566465,
      "ROUGE-L": 0.29517054065901444,
      "CIDEr": 0.18987990655744078
    },
    "attention_small": {
      "BLEU-1": 0.42058135293547566,
      "BLEU-2": 0.18393847412027015,
      "BLEU-3": 0.06930874258526754,
      "BLEU-4": 0.016719326899387366,
      "METEOR": 0.16470500342689642,
      "ROUGE-L": 0.2964480223488567,
      "CIDEr": 0.1740279401152416
    },
    "baseline_small": {
      "BLEU-1": 0.34053476978365077,
      "BLEU-2": 0.10478103596823324,
      "BLEU-3": 0.03048055193384207,
      "BLEU-4": 0.010417218847956482,
      "METEOR": 0.13397456330208224,
      "ROUGE-L": 0.24114586300172658,
      "CIDEr": 0.0524380967389179
    }
  }
}