,BLEU-1,BLEU-2,BLEU-3,BLEU-4,METEOR,ROUGE-L,CIDEr
transformer_small,0.41319671874860786,0.19175729975221592,0.07989499236358105,0.02125278079599656,0.16927128092566465,0.29517054065901444,0.18987990655744078
attention_small,0.42058135293547566,0.18393847412027015,0.06930874258526754,0.016719326899387366,0.16470500342689642,0.2964480223488567,0.1740279401152416
baseline_small,0.34053476978365077,0.10478103596823324,0.03048055193384207,0.010417218847956482,0.13397456330208224,0.24114586300172658,0.0524380967389179
