{
  "train_loss": [
    6.688021093232861,
    5.965367550630449,
    5.7458835346429415,
    5.586640158457736,
    5.4475425456857085,
    5.362010680481979,
    5.296132662306271,
    5.228062677582936,
    5.146293512448107,
    5.096161816409443,
    5.032212225463101,
    5.009161512223248,
    4.961057531284987,
    4.940441640351108,
    4.867963318046666,
    4.8301456662900275,
    4.805492449006276,
    4.760878808328796,
    4.750199102457597,
    4.688801095076685,
    4.672373272883842,
    4.6441108312566906,
    4.633200938731557,
    4.6010400879832,
    4.569292515391585,
    4.530978194839286,
    4.532776527324979,
    4.514083535102621,
    4.484467085435301,
    4.454355565075097,
    4.4377598193898855,
    4.407533630666373,
    4.372503581904966,
    4.3458320495972576,
    4.337663181656075,
    4.3296826713753545,
    4.315613743650364,
    4.277453764711963
  ],
  "val_loss": [
    6.144395365859523,
    5.866949413761948,
    5.683600281224106,
    5.599496855880275,
    5.500619324770841,
    5.373566483006333,
    5.353201172568581,
    5.285455797657822,
    5.197380456057462,
    5.14912765676325,
    5.167816964062777,
    5.129664428306349,
    5.059223622986765,
    5.033342924985019,
    5.033166704755841,
    4.976757461374456,
    4.94911696694114,
    4.97971273913528,
    4.912203962152654,
    4.878231539870754,
    4.887337410088741,
    4.865898724758264,
    4.842904603842533,
    4.812676025159432,
    4.803728110862501,
    4.789971142104178,
    4.82532592975732,
    4.797878771117239,
    4.7665416327389805,
    4.795300021316066,
    4.810099356102221,
    4.7677623575383965,
    4.7041741139961015,
    4.775221918568467,
    4.727849317319466,
    4.71153077212247,
    4.767286755821922,
    4.748704693534157
  ],
  "learning_rate": [
    0.0001,
    0.0001,
    0.0001,
    0.0001,
    0.0001,
    0.0001,
    0.0001,
    0.0001,
    0.0001,
    0.0001,
    0.0001,
    0.0001,
    0.0001,
    0.0001,
    0.0001,
    0.0001,
    0.0001,
    0.0001,
    0.0001,
    0.0001,
    0.0001,
    0.0001,
    0.0001,
    0.0001,
    0.0001,
    0.0001,
    0.0001,
    0.0001,
    0.0001,
    0.0001,
    0.0001,
    5e-05,
    5e-05,
    5e-05,
    5e-05,
    2.5e-05,
    2.5e-05,
    2.5e-05
  ]
}