{
  "train_loss": [
    4.36550011724796,
    4.362150112787883,
    4.338753079468349,
    4.338781263843273,
    4.309795675037792,
    4.316431633331491,
    4.307940286660345,
    4.2822081143001345,
    4.296035763602586,
    4.266807769079628,
    4.2701003896365375,
    4.280540113928933,
    4.246143988843234,
    4.254992246627808,
    4.252545746617347,
    4.263267846977186,
    4.249485812097226,
    4.230509714510456,
    4.2419207051115215,
    4.230528501594591,
    4.2317713206669065,
    4.232021073875187,
    4.247295144219069,
    4.232886692263046,
    4.224954537625583,
    4.216809017853167,
    4.2259308152228785,
    4.233940078027593,
    4.2265021786,
    4.223186591886124,
    4.208885473275335,
    4.206404077182026,
    4.208851073522988,
    4.223619853925405,
    4.194383579230158,
    4.22728311940559
  ],
  "val_loss": [
    4.729098027402705,
    4.709104527126659,
    4.714186625047163,
    4.723887779495933,
    4.7215248346328735,
    4.695288701490923,
    4.699488238854841,
    4.667644403197548,
    4.709429849277843,
    4.693280642682856,
    4.669571323828264,
    4.6866019855846055,
    4.680411360480568,
    4.666308218782598,
    4.692335150458596,
    4.6868132244456895,
    4.658426609906283,
    4.673914139921015,
    4.674622936682268,
    4.678560170260343,
    4.644920273260637,
    4.73122961954637,
    4.726892081173983,
    4.696516221219843,
    4.681494626131925,
    4.6303381811488755,
    4.660321018912575,
    4.693233273246071,
    4.69790856404738,
    4.6825947978279805,
    4.716648914597251,
    4.672643249685114,
    4.669538508762013,
    4.65229956670241,
    4.7145245400342075,
    4.672750234603882
  ],
  "learning_rate": [
    5e-05,
    5e-05,
    5e-05,
    5e-05,
    2.5e-05,
    2.5e-05,
    2.5e-05,
    2.5e-05,
    2.5e-05,
    2.5e-05,
    1.25e-05,
    1.25e-05,
    1.25e-05,
    1.25e-05,
    1.25e-05,
    1.25e-05,
    1.25e-05,
    1.25e-05,
    1.25e-05,
    6.25e-06,
    6.25e-06,
    6.25e-06,
    6.25e-06,
    3.125e-06,
    3.125e-06,
    3.125e-06,
    3.125e-06,
    3.125e-06,
    1.5625e-06,
    1.5625e-06,
    1.5625e-06,
    7.8125e-07,
    7.8125e-07,
    7.8125e-07,
    3.90625e-07,
    3.90625e-07
  ]
}